[{"id":"De10AA+nI/97ykPcuRQbG8rsC+iBr+nSsRbRpgvqH44=","chats":".colong"},{"id":"De10AA+nI/97ykPcuRQbG8rsC+iBr+nSsRbRpgvqH44=","chats":".swm MoNyolongYa|NgErikMenSediH"},{"id":"noRlsPrv1+V6Lct7Kg0DDFVbZwha69ICGHHjiUAEAp8=","chats":".mention awikwok"},{"id":"3eKj2oeghNtQMMJG5e/e/hu8AFDcpZjxiOdZ6ApoGgY=","chats":".mention kemvin meng gay"},{"id":"GvvugaiOi38efXkG7L4fyhAPYLRjAZwBGaqp6TUE1dA=","chats":".runtime"},{"id":"ZWL4xvKICRqMEg3xt3FxDDF7nWURck4MhOvnWUyVtPU=","chats":".delete"},{"id":"ZWL4xvKICRqMEg3xt3FxDDF7nWURck4MhOvnWUyVtPU=","chats":".delete"},{"id":"G8+BcumwRxwjitDvkoWRXUohrxvd0kszX3MmIR0a0Yc=","chats":"$ uptime"},{"id":"ecTNVp0NOhdUjtGKAG55wt+tcFMtdfQwlIqBAnHj/VA=","chats":".help"},{"id":"JCgdQwLLH2xTHzr2bA4mxwoYiFn/Suu3vzy2oRtDc+U=","chats":".off mending turu"},{"id":"iEJozMXa1giepPvgnTcJWviahrHCbfoVEZcLK2EEc7M=","chats":".kicked"}]